-- phpMyAdmin SQL Dump
-- version phpStudy 2014
-- http://www.phpmyadmin.net
--
-- ä¸»æœº: localhost
-- ç”Ÿæˆæ—¥æœŸ: 2016 å¹?08 æœ?25 æ—?17:17
-- æœåŠ¡å™¨ç‰ˆæœ¬: 5.5.47
-- PHP ç‰ˆæœ¬: 5.5.30

SET SQL_MODE="NO_AUTO_VALUE_ON_ZERO";
SET time_zone = "+00:00";


/*!40101 SET @OLD_CHARACTER_SET_CLIENT=@@CHARACTER_SET_CLIENT */;
/*!40101 SET @OLD_CHARACTER_SET_RESULTS=@@CHARACTER_SET_RESULTS */;
/*!40101 SET @OLD_COLLATION_CONNECTION=@@COLLATION_CONNECTION */;
/*!40101 SET NAMES utf8 */;

--
-- æ•°æ®åº“: `weixin_voting_system`
--

-- --------------------------------------------------------

--
-- è¡¨çš„ç»“æ„ `basic_personnel`
--

CREATE TABLE IF NOT EXISTS `basic_personnel` (
  `bp_id` int(11) NOT NULL AUTO_INCREMENT COMMENT 'åŸºç¡€äººå‘˜ID',
  `name` varchar(255) NOT NULL COMMENT 'å§“å',
  `description` text NOT NULL COMMENT 'è‡ªæˆ‘æè¿°',
  `date_add` timestamp NOT NULL DEFAULT CURRENT_TIMESTAMP COMMENT 'åˆ›å»ºæ—¥æœŸ',
  `date_update` datetime NOT NULL COMMENT 'æ›´æ–°æ—¥æœŸ',
  `status` int(1) NOT NULL DEFAULT '0' COMMENT '0:æœªå¯ç”¨1:å¯ç”¨',
  `image` varchar(255) NOT NULL COMMENT 'ç…§ç‰‡',
  PRIMARY KEY (`bp_id`)
) ENGINE=MyISAM  DEFAULT CHARSET=utf8 COMMENT='åŸºç¡€äººå‘˜ä¿¡æ¯ç®¡ç†è¡¨' AUTO_INCREMENT=6 ;

--
-- è½¬å­˜è¡¨ä¸­çš„æ•°æ® `basic_personnel`
--

INSERT INTO `basic_personnel` (`bp_id`, `name`, `description`, `date_add`, `date_update`, `status`, `image`) VALUES
(1, 'éŸ¦å¾·', '123', '2016-08-10 02:49:04', '2016-08-10 10:49:27', 1, ''),
(2, 'è©¹å§†æ–¯', '123', '2016-08-10 02:49:48', '2016-08-10 10:49:48', 1, ''),
(3, 'ç§‘æ¯”', '123', '2016-08-10 02:50:14', '2016-08-10 10:50:24', 1, ''),
(4, 'åº“é‡Œ', '123', '2016-08-10 02:50:39', '2016-08-10 10:50:39', 1, ''),
(5, 'éº¦è¿ª', '123', '2016-08-10 02:51:00', '2016-08-10 10:51:00', 1, '');

-- --------------------------------------------------------

--
-- è¡¨çš„ç»“æ„ `bp_image`
--

CREATE TABLE IF NOT EXISTS `bp_image` (
  `bp_image_id` int(11) NOT NULL AUTO_INCREMENT COMMENT 'åŸºç¡€äººå‘˜-å›¾ç‰‡è¡¨',
  `bp_id` int(11) NOT NULL COMMENT 'åŸºç¡€äººå‘˜ID',
  `image` varchar(255) NOT NULL COMMENT 'å›¾ç‰‡å',
  `date_add` timestamp NOT NULL DEFAULT CURRENT_TIMESTAMP COMMENT 'æ·»åŠ æ—¶é—´',
  `main_image` tinyint(1) NOT NULL DEFAULT '0' COMMENT '0:ä¸æ˜¯ 1:æ˜¯ä¸»å›¾',
  PRIMARY KEY (`bp_image_id`)
) ENGINE=MyISAM  DEFAULT CHARSET=utf8 COMMENT='åŸºç¡€äººå‘˜-å›¾ç‰‡å…³è”è¡¨' AUTO_INCREMENT=6 ;

--
-- è½¬å­˜è¡¨ä¸­çš„æ•°æ® `bp_image`
--

INSERT INTO `bp_image` (`bp_image_id`, `bp_id`, `image`, `date_add`, `main_image`) VALUES
(1, 1, '3.png', '2016-08-10 02:49:27', 1),
(2, 2, '6.png', '2016-08-10 02:49:48', 1),
(3, 3, '1.png', '2016-08-10 02:50:14', 1),
(4, 4, '7.png', '2016-08-10 02:50:39', 1),
(5, 5, '8.png', '2016-08-10 02:51:00', 1);

-- --------------------------------------------------------

--
-- è¡¨çš„ç»“æ„ `config`
--

CREATE TABLE IF NOT EXISTS `config` (
  `bc_id` int(11) NOT NULL AUTO_INCREMENT COMMENT 'åŸºç¡€è®¾ç½®ID',
  `key` varchar(255) NOT NULL COMMENT 'é”®',
  `value` varchar(255) NOT NULL COMMENT 'å€¼',
  PRIMARY KEY (`bc_id`)
) ENGINE=MyISAM  DEFAULT CHARSET=utf8 COMMENT='åŸºç¡€è®¾ç½®è¡¨' AUTO_INCREMENT=8 ;

--
-- è½¬å­˜è¡¨ä¸­çš„æ•°æ® `config`
--

INSERT INTO `config` (`bc_id`, `key`, `value`) VALUES
(1, 'bp_upload_path', './upload/basic_personnel/'),
(2, 'vm_upload_path', './upload/voting_management/'),
(3, 'vm_music_upload_path', './upload/music/'),
(4, 'root_upload', './upload/'),
(5, 'allow_image_type', 'gif|jpg|png|jpeg'),
(6, 'bp_image_limit', '2'),
(7, 'global_groups', '2');

-- --------------------------------------------------------

--
-- è¡¨çš„ç»“æ„ `groups`
--

CREATE TABLE IF NOT EXISTS `groups` (
  `id` mediumint(8) unsigned NOT NULL AUTO_INCREMENT,
  `name` varchar(20) NOT NULL,
  `description` varchar(100) NOT NULL,
  PRIMARY KEY (`id`)
) ENGINE=InnoDB  DEFAULT CHARSET=utf8 AUTO_INCREMENT=4 ;

--
-- è½¬å­˜è¡¨ä¸­çš„æ•°æ® `groups`
--

INSERT INTO `groups` (`id`, `name`, `description`) VALUES
(1, 'admin', 'ç®¡ç†å‘˜'),
(2, 'members', 'ä¼šå‘˜'),
(3, 'superroot', 'è¶…çº§ç®¡ç†å‘˜');

-- --------------------------------------------------------

--
-- è¡¨çš„ç»“æ„ `groups_menu`
--

CREATE TABLE IF NOT EXISTS `groups_menu` (
  `gm_id` int(11) NOT NULL AUTO_INCREMENT COMMENT 'ç”¨æˆ·ç»„-èœå•ID',
  `groups_id` int(11) NOT NULL COMMENT 'ç”¨æˆ·ç»„ID',
  `menu_id` int(11) NOT NULL COMMENT 'èœå•ID',
  PRIMARY KEY (`gm_id`)
) ENGINE=MyISAM  DEFAULT CHARSET=utf8 COMMENT='ç”¨æˆ·ç»„-èœå•-æƒé™å…³è”è¡¨' AUTO_INCREMENT=244 ;

--
-- è½¬å­˜è¡¨ä¸­çš„æ•°æ® `groups_menu`
--

INSERT INTO `groups_menu` (`gm_id`, `groups_id`, `menu_id`) VALUES
(242, 3, 33),
(241, 3, 32),
(148, 2, 34),
(147, 2, 33),
(146, 2, 32),
(145, 2, 6),
(144, 2, 5),
(143, 2, 2),
(142, 2, 30),
(141, 2, 35),
(140, 2, 23),
(48, 1, 1),
(139, 2, 22),
(138, 2, 16),
(137, 2, 8),
(136, 2, 7),
(135, 2, 3),
(49, 1, 2),
(50, 1, 3),
(51, 1, 5),
(52, 1, 6),
(53, 1, 7),
(54, 1, 10),
(55, 1, 12),
(56, 1, 16),
(57, 1, 22),
(58, 1, 23),
(59, 1, 25),
(60, 1, 26),
(61, 1, 27),
(62, 1, 28),
(63, 1, 29),
(64, 1, 30),
(65, 1, 32),
(66, 1, 33),
(67, 1, 34),
(68, 1, 35),
(240, 3, 29),
(239, 3, 28),
(238, 3, 6),
(237, 3, 5),
(236, 3, 2),
(235, 3, 30),
(234, 3, 27),
(233, 3, 26),
(232, 3, 25),
(230, 3, 36),
(229, 3, 20),
(228, 3, 19),
(227, 3, 35),
(226, 3, 23),
(225, 3, 22),
(224, 3, 16),
(223, 3, 31),
(222, 3, 4),
(221, 3, 13),
(220, 3, 18),
(219, 3, 17),
(218, 3, 11),
(217, 3, 10),
(216, 3, 12),
(215, 3, 8),
(214, 3, 7),
(213, 3, 3),
(134, 2, 1),
(212, 3, 1),
(243, 3, 34);

-- --------------------------------------------------------

--
-- è¡¨çš„ç»“æ„ `groups_setting`
--

CREATE TABLE IF NOT EXISTS `groups_setting` (
  `gs_id` int(11) NOT NULL AUTO_INCREMENT COMMENT 'ç”¨æˆ·ç»„-å‚æ•°è®¾ç½®-ID',
  `groups_id` int(11) NOT NULL COMMENT 'ç”¨æˆ·ç»„ID',
  `vote_more` varchar(255) NOT NULL COMMENT 'æŠ•ç¥¨æ¬¡æ•°',
  PRIMARY KEY (`gs_id`)
) ENGINE=MyISAM  DEFAULT CHARSET=utf8 COMMENT='ç”¨æˆ·ç»„-å‚æ•°è®¾ç½®-ID' AUTO_INCREMENT=10 ;

--
-- è½¬å­˜è¡¨ä¸­çš„æ•°æ® `groups_setting`
--

INSERT INTO `groups_setting` (`gs_id`, `groups_id`, `vote_more`) VALUES
(7, 1, '50'),
(8, 2, '10'),
(9, 3, '100');

-- --------------------------------------------------------

--
-- è¡¨çš„ç»“æ„ `image_space`
--

CREATE TABLE IF NOT EXISTS `image_space` (
  `is_id` int(11) NOT NULL AUTO_INCREMENT COMMENT 'å›¾ç‰‡ID',
  `name` varchar(255) NOT NULL COMMENT 'å›¾ç‰‡å',
  `real_name` text NOT NULL COMMENT 'å®é™…å',
  `image_path` text NOT NULL COMMENT 'å›¾ç‰‡å­˜æ”¾è·¯å¾„',
  `date_add` timestamp NOT NULL DEFAULT CURRENT_TIMESTAMP COMMENT 'åˆ›å»ºæ—¶é—´',
  PRIMARY KEY (`is_id`)
) ENGINE=MyISAM DEFAULT CHARSET=utf8 COMMENT='å›¾ç‰‡ç©ºé—´' AUTO_INCREMENT=1 ;

-- --------------------------------------------------------

--
-- è¡¨çš„ç»“æ„ `login_attempts`
--

CREATE TABLE IF NOT EXISTS `login_attempts` (
  `id` int(11) unsigned NOT NULL AUTO_INCREMENT,
  `ip_address` varchar(15) NOT NULL,
  `login` varchar(100) NOT NULL,
  `time` int(11) unsigned DEFAULT NULL,
  PRIMARY KEY (`id`)
) ENGINE=InnoDB DEFAULT CHARSET=utf8 AUTO_INCREMENT=1 ;

-- --------------------------------------------------------

--
-- è¡¨çš„ç»“æ„ `menu`
--

CREATE TABLE IF NOT EXISTS `menu` (
  `menu_id` int(11) NOT NULL AUTO_INCREMENT COMMENT 'èœå•ID',
  `name` varchar(255) NOT NULL COMMENT 'èœå•åç§°',
  `level` int(1) NOT NULL COMMENT 'çº§åˆ«',
  `belong_to` int(11) NOT NULL COMMENT 'æ‰€å±',
  `routing` varchar(255) NOT NULL COMMENT 'è·¯ç”±',
  `icon` varchar(255) NOT NULL DEFAULT 'fa fa-circle-o' COMMENT 'å›¾æ ‡',
  `date_add` timestamp NOT NULL DEFAULT CURRENT_TIMESTAMP COMMENT 'åˆ›å»ºæ—¶é—´',
  `date_update` datetime NOT NULL COMMENT 'æ›´æ–°æ—¶é—´',
  `status` int(1) NOT NULL DEFAULT '0' COMMENT '0:æœªå¯ç”¨ 1:å¯ç”¨',
  PRIMARY KEY (`menu_id`)
) ENGINE=MyISAM  DEFAULT CHARSET=utf8 COMMENT='èœå•é…ç½®' AUTO_INCREMENT=39 ;

--
-- è½¬å­˜è¡¨ä¸­çš„æ•°æ® `menu`
--

INSERT INTO `menu` (`menu_id`, `name`, `level`, `belong_to`, `routing`, `icon`, `date_add`, `date_update`, `status`) VALUES
(1, 'æ§åˆ¶é¢æ¿', 1, 0, 'admin/dashboard', 'fa fa-home', '2016-07-23 06:08:55', '2016-08-06 11:38:34', 1),
(2, 'æŠ•ç¥¨æ´»åŠ¨', 2, 30, '#', 'fa fa-share', '2016-07-23 06:18:44', '2016-08-12 11:59:00', 1),
(3, 'åŸºç¡€äººå‘˜ä¿¡æ¯ç®¡ç†', 1, 0, '#', 'fa fa-user', '2016-07-23 06:19:21', '2016-07-23 14:19:21', 1),
(4, 'èœå•é…ç½®', 2, 13, 'admin/menu', 'fa fa-bars', '2016-07-23 06:20:04', '2016-08-06 11:44:15', 1),
(5, 'æŠ•ç¥¨æ´»åŠ¨åˆ†ç±»', 3, 2, 'admin/voting_classification', 'fa fa-circle-o', '2016-07-23 06:21:24', '2016-08-12 11:59:16', 1),
(6, 'æŠ•ç¥¨æ´»åŠ¨ç®¡ç†', 3, 2, 'admin/voting_management', 'fa fa-circle-o', '2016-07-23 06:24:39', '2016-08-12 11:59:32', 1),
(7, 'äººå‘˜ä¿¡æ¯', 2, 3, 'admin/basic_personnel', 'fa fa-user', '2016-07-23 06:25:34', '2016-07-23 14:25:34', 1),
(8, 'å›¾ç‰‡ç©ºé—´', 2, 3, 'admin/image_space', 'fa fa-photo', '2016-07-23 09:26:45', '2016-07-26 16:53:10', 1),
(10, 'åœ¨çº¿æ–‡ä»¶ç®¡ç†å™¨', 2, 12, 'admin/tool/file_manager', 'fa fa-folder-open-o', '2016-07-28 01:30:52', '2016-08-06 11:32:18', 1),
(11, 'å›¾ç‰‡ç®¡ç†å™¨', 2, 12, 'admin/tool/upload', 'fa fa-cloud-upload', '2016-07-28 07:01:38', '2016-08-06 11:32:07', 1),
(12, 'ç®¡ç†å·¥å…·', 1, 0, '#', 'fa fa-cogs', '2016-08-06 03:29:06', '2016-08-06 11:31:54', 1),
(13, 'ç³»ç»Ÿè®¾ç½®', 1, 0, '#', 'fa fa-tachometer', '2016-08-06 03:38:20', '2016-08-06 11:38:20', 1),
(31, 'ç³»ç»Ÿé…ç½®', 2, 13, 'admin/config/config', 'fa fa-cog', '2016-08-15 06:48:25', '2016-08-15 14:49:09', 1),
(16, 'å¾®ä¿¡WeChat', 1, 0, '#', 'fa fa-weixin', '2016-08-06 03:56:35', '2016-08-06 11:56:35', 1),
(17, 'æ•°æ®åº“', 2, 12, '#', 'fa fa-database', '2016-08-06 03:58:32', '2016-08-15 09:28:16', 1),
(18, 'æ–‡ä»¶ç®¡ç†', 2, 12, '#', 'fa fa-folder', '2016-08-06 04:03:06', '2016-08-06 12:03:06', 1),
(19, 'ç®¡ç†å‘˜å…¥å£', 1, 0, '#', 'fa fa-sliders', '2016-08-10 03:52:13', '2016-08-10 11:52:13', 1),
(20, 'ç”¨æˆ·ç®¡ç†', 2, 19, 'admin/auth/index', 'fa fa-user', '2016-08-10 04:03:24', '2016-08-10 16:29:34', 1),
(22, 'å…¬ä¼—å·ç±»å‹', 2, 16, 'admin/weixin_type', 'fa fa-wechat', '2016-08-12 03:26:35', '2016-08-16 15:36:32', 1),
(23, 'å…¬ä¼—å·', 2, 16, 'admin/weixin_public', 'fa fa-wechat', '2016-08-12 03:28:04', '2016-08-16 15:36:53', 1),
(25, 'æ¨¡æ¿ç®¡ç†', 1, 0, '#', 'fa fa-puzzle-piece', '2016-08-12 03:39:32', '2016-08-12 11:39:32', 1),
(26, 'äº‘å¸‚åœº', 1, 0, '#', 'fa fa-cart-plus', '2016-08-12 03:41:07', '2016-08-12 11:41:07', 1),
(27, 'å¤§æ•°æ®', 1, 0, '#', 'fa fa-bar-chart', '2016-08-12 03:43:08', '2016-08-12 11:43:08', 1),
(28, 'é—®å·è°ƒæŸ¥', 2, 30, '#', 'fa fa-pencil-square-o', '2016-08-12 03:51:32', '2016-08-12 11:58:28', 1),
(29, 'ç›¸å†Œå¹»ç¯ç‰‡', 2, 30, '#', 'fa fa-file-image-o', '2016-08-12 03:55:09', '2016-08-12 11:58:10', 1),
(30, 'åŠŸèƒ½æ¨¡å—', 1, 0, '#', 'fa fa-cubes', '2016-08-12 03:57:05', '2016-08-17 09:11:58', 1),
(32, 'é€‰é¡¹é…ç½®', 1, 0, '#', 'fa fa-cog', '2016-08-17 01:20:16', '2016-08-17 09:20:16', 1),
(33, 'é€‰é¡¹ç±»å‹', 2, 32, 'admin/option_type', 'fa fa-tags', '2016-08-17 01:22:53', '2016-08-17 09:22:53', 1),
(34, 'é€‰é¡¹å€¼', 2, 32, 'admin/option_value', 'fa fa-tag', '2016-08-17 01:23:36', '2016-08-17 09:23:36', 1),
(35, 'ç²‰ä¸å…³æ³¨', 2, 16, 'admin/weixin_fans', 'fa fa-smile-o', '2016-08-19 02:01:04', '2016-08-19 10:01:04', 1),
(36, 'ç®¡ç†ç»„æƒé™åˆ†é…', 2, 19, 'admin/groups', 'fa fa-object-ungroup', '2016-08-22 06:55:16', '2016-08-25 15:45:34', 1);

-- --------------------------------------------------------

--
-- è¡¨çš„ç»“æ„ `option_type`
--

CREATE TABLE IF NOT EXISTS `option_type` (
  `ot_id` int(11) NOT NULL AUTO_INCREMENT COMMENT 'é€‰é¡¹ID',
  `name` varchar(255) NOT NULL COMMENT 'é€‰é¡¹å',
  `type` varchar(255) NOT NULL COMMENT 'ç±»å‹',
  `date_add` timestamp NOT NULL DEFAULT CURRENT_TIMESTAMP COMMENT 'åˆ›å»ºæ—¶é—´',
  `date_edit` datetime NOT NULL COMMENT 'ä¿®æ”¹æ—¶é—´',
  PRIMARY KEY (`ot_id`)
) ENGINE=MyISAM  DEFAULT CHARSET=utf8 COMMENT='å¸¸è§„é€‰é¡¹è¡¨' AUTO_INCREMENT=4 ;

--
-- è½¬å­˜è¡¨ä¸­çš„æ•°æ® `option_type`
--

INSERT INTO `option_type` (`ot_id`, `name`, `type`, `date_add`, `date_edit`) VALUES
(1, 'å•é€‰æ¡†', 'radio', '2016-08-17 06:54:50', '2016-08-17 15:12:31'),
(2, 'å¤é€‰æ¡†', 'checkbox', '2016-08-17 06:57:16', '2016-08-17 15:12:37'),
(3, 'ä¸‹æ‹‰æ¡†', 'select', '2016-08-17 06:57:33', '2016-08-17 15:12:29');

-- --------------------------------------------------------

--
-- è¡¨çš„ç»“æ„ `option_value`
--

CREATE TABLE IF NOT EXISTS `option_value` (
  `ov_id` int(11) NOT NULL AUTO_INCREMENT COMMENT 'é€‰é¡¹å€¼ID',
  `ot_id` int(11) NOT NULL COMMENT 'é€‰é¡¹ç±»å‹',
  `key` varchar(255) NOT NULL COMMENT 'é”®å',
  `value` varchar(255) NOT NULL COMMENT 'é”®å€¼',
  PRIMARY KEY (`ov_id`)
) ENGINE=MyISAM  DEFAULT CHARSET=utf8 COMMENT='å¸¸è§„é€‰é¡¹å€¼è¡¨' AUTO_INCREMENT=22 ;

--
-- è½¬å­˜è¡¨ä¸­çš„æ•°æ® `option_value`
--

INSERT INTO `option_value` (`ov_id`, `ot_id`, `key`, `value`) VALUES
(1, 1, 'sex', 'ç”·'),
(2, 1, 'sex', 'å¥³'),
(3, 2, 'like', 'çŒ«'),
(4, 2, 'like', 'ç‹—'),
(5, 2, 'like', 'è€é¼ '),
(6, 3, 'country', 'ä¸­å›½'),
(7, 3, 'country', 'æ—¥æœ¬'),
(8, 3, 'country', 'ç¾å›½'),
(9, 3, 'country', 'éŸ©å›½'),
(11, 1, 'select_vote_limit', '1'),
(12, 1, 'select_vote_limit', '2'),
(13, 1, 'select_vote_limit', '3'),
(14, 1, 'select_vote_limit', '5'),
(15, 1, 'select_vote_limit', '10'),
(16, 1, 'interval_time', '5'),
(17, 1, 'interval_time', '10'),
(18, 1, 'interval_time', '30'),
(19, 1, 'interval_time', '60'),
(20, 1, 'select_vote_limit', '0'),
(21, 1, 'interval_time', '0');

-- --------------------------------------------------------

--
-- è¡¨çš„ç»“æ„ `users`
--

CREATE TABLE IF NOT EXISTS `users` (
  `id` int(11) unsigned NOT NULL AUTO_INCREMENT,
  `ip_address` varchar(15) NOT NULL,
  `username` varchar(100) NOT NULL,
  `password` varchar(255) NOT NULL,
  `salt` varchar(255) DEFAULT NULL,
  `email` varchar(100) NOT NULL,
  `activation_code` varchar(40) DEFAULT NULL,
  `forgotten_password_code` varchar(40) DEFAULT NULL,
  `forgotten_password_time` int(11) unsigned DEFAULT NULL,
  `remember_code` varchar(40) DEFAULT NULL,
  `created_on` int(11) unsigned NOT NULL,
  `last_login` int(11) unsigned DEFAULT NULL,
  `active` tinyint(1) unsigned DEFAULT NULL,
  `company` varchar(100) DEFAULT NULL,
  `phone` varchar(20) DEFAULT NULL,
  PRIMARY KEY (`id`)
) ENGINE=InnoDB  DEFAULT CHARSET=utf8 AUTO_INCREMENT=4 ;

--
-- è½¬å­˜è¡¨ä¸­çš„æ•°æ® `users`
--

INSERT INTO `users` (`id`, `ip_address`, `username`, `password`, `salt`, `email`, `activation_code`, `forgotten_password_code`, `forgotten_password_time`, `remember_code`, `created_on`, `last_login`, `active`, `company`, `phone`) VALUES
(1, '127.0.0.1', 'administrator', '$2a$07$SeBknntpZror9uyftVopmu61qg0ms8Qv1yV6FG.kQOSM.9QhmTo36', '', 'admin@admin.com', NULL, 'mr2M2btTX.Zzt5chLDF3Y.a55e9920b4ffb49fc8', 1467446402, NULL, 1268889823, 1467448103, 1, 'ADMIN', '0'),
(2, '127.0.0.1', 'jiaxu chen', '$2y$08$lJwuETjVSwdPE48imLKpDOWF.iLBLEoxbkirwtVxsJmORaVR.j9ja', NULL, '1029128229@qq.com', NULL, NULL, NULL, 'GqbtIJrf9iPjBZBEoCAqy.', 1467448011, 1472107662, 1, 'company', '12345678910'),
(3, '127.0.0.1', 'è¯¥è£…å°±_è£…', '$2y$08$wWqlCmSQhXR/aWxkeDeUdukdNXYBagLsVKVSahoxLTyQM45M89RqG', NULL, '1105858345@qq.com', NULL, NULL, NULL, NULL, 1471944446, 1472096682, 1, '1', '12345678');

-- --------------------------------------------------------

--
-- è¡¨çš„ç»“æ„ `users_groups`
--

CREATE TABLE IF NOT EXISTS `users_groups` (
  `id` int(11) unsigned NOT NULL AUTO_INCREMENT,
  `user_id` int(11) unsigned NOT NULL,
  `group_id` mediumint(8) unsigned NOT NULL,
  PRIMARY KEY (`id`),
  UNIQUE KEY `uc_users_groups` (`user_id`,`group_id`),
  KEY `fk_users_groups_users1_idx` (`user_id`),
  KEY `fk_users_groups_groups1_idx` (`group_id`)
) ENGINE=InnoDB  DEFAULT CHARSET=utf8 AUTO_INCREMENT=23 ;

--
-- è½¬å­˜è¡¨ä¸­çš„æ•°æ® `users_groups`
--

INSERT INTO `users_groups` (`id`, `user_id`, `group_id`) VALUES
(15, 1, 2),
(19, 2, 1),
(20, 2, 2),
(21, 2, 3),
(22, 3, 2);

-- --------------------------------------------------------

--
-- è¡¨çš„ç»“æ„ `vc_user`
--

CREATE TABLE IF NOT EXISTS `vc_user` (
  `vcu_id` int(11) NOT NULL AUTO_INCREMENT COMMENT 'æ´»åŠ¨åˆ†ç±»-ç®¡ç†å‘˜-id',
  `vc_id` int(11) NOT NULL COMMENT 'æ´»åŠ¨åˆ†ç±»ID',
  `user_id` int(11) NOT NULL COMMENT 'ç®¡ç†å‘˜ID',
  PRIMARY KEY (`vcu_id`)
) ENGINE=MyISAM  DEFAULT CHARSET=utf8 COMMENT='æ´»åŠ¨åˆ†ç±»ä¸ç®¡ç†å‘˜å…³è”è¡¨' AUTO_INCREMENT=3 ;

--
-- è½¬å­˜è¡¨ä¸­çš„æ•°æ® `vc_user`
--

INSERT INTO `vc_user` (`vcu_id`, `vc_id`, `user_id`) VALUES
(1, 2, 2),
(2, 3, 3);

-- --------------------------------------------------------

--
-- è¡¨çš„ç»“æ„ `vm_banner`
--

CREATE TABLE IF NOT EXISTS `vm_banner` (
  `vm_banner_id` int(11) NOT NULL AUTO_INCREMENT COMMENT 'å¹¿å‘Šå›¾ID',
  `vm_id` int(11) NOT NULL COMMENT 'æ´»åŠ¨ID',
  `banner` varchar(255) NOT NULL COMMENT 'å¹¿å‘Šå›¾åç§°',
  `banner_sort` varchar(255) NOT NULL COMMENT 'æ’åº',
  `date_add` timestamp NOT NULL DEFAULT CURRENT_TIMESTAMP COMMENT 'åˆ›å»ºæ—¥æœŸ',
  `layout` tinyint(1) NOT NULL COMMENT 'å¸ƒå±€1:é¡¶éƒ¨2:ä¸­é—´3:åº•éƒ¨',
  PRIMARY KEY (`vm_banner_id`)
) ENGINE=MyISAM  DEFAULT CHARSET=utf8 COMMENT='æ´»åŠ¨-å¹¿å‘Šå›¾å…³è”è¡¨' AUTO_INCREMENT=57 ;

--
-- è½¬å­˜è¡¨ä¸­çš„æ•°æ® `vm_banner`
--

INSERT INTO `vm_banner` (`vm_banner_id`, `vm_id`, `banner`, `banner_sort`, `date_add`, `layout`) VALUES
(54, 8, 'b_5718bef83ff19.jpg', '2', '2016-08-25 03:40:30', 1),
(53, 8, 'b_5718bf0bbd914.jpg', '1', '2016-08-25 03:40:30', 3),
(52, 8, 'b_5718bf026be57.jpg', '1', '2016-08-25 03:40:30', 2),
(51, 8, 'b_5718beecc20e9.jpg', '1', '2016-08-25 03:40:30', 1),
(50, 9, '201603252007428649.jpg', '1', '2016-08-25 03:20:39', 1),
(56, 10, '201604202011048325.jpg', '1', '2016-08-25 03:46:10', 3);

-- --------------------------------------------------------

--
-- è¡¨çš„ç»“æ„ `vm_bp`
--

CREATE TABLE IF NOT EXISTS `vm_bp` (
  `vm_bp_id` int(11) NOT NULL AUTO_INCREMENT COMMENT 'æ´»åŠ¨ä¸åŸºç¡€äººå‘˜å…³è”ID',
  `vm_id` int(11) NOT NULL COMMENT 'æ´»åŠ¨ä¿¡æ¯ID',
  `bp_id` int(11) NOT NULL COMMENT 'åŸºç¡€äººå‘˜ID',
  `votes` int(11) NOT NULL DEFAULT '0' COMMENT 'ç¥¨æ•°',
  PRIMARY KEY (`vm_bp_id`)
) ENGINE=MyISAM  DEFAULT CHARSET=utf8 COMMENT='æ´»åŠ¨ä¿¡æ¯ä¸åŸºç¡€äººå‘˜å…³è”è¡¨' AUTO_INCREMENT=91 ;

--
-- è½¬å­˜è¡¨ä¸­çš„æ•°æ® `vm_bp`
--

INSERT INTO `vm_bp` (`vm_bp_id`, `vm_id`, `bp_id`, `votes`) VALUES
(82, 8, 5, 0),
(81, 8, 4, 0),
(80, 8, 3, 0),
(79, 8, 2, 0),
(78, 8, 1, 0),
(75, 9, 1, 0),
(76, 9, 2, 0),
(77, 9, 3, 0),
(90, 10, 4, 0),
(89, 10, 3, 0),
(88, 10, 2, 0),
(87, 10, 1, 0);

-- --------------------------------------------------------

--
-- è¡¨çš„ç»“æ„ `vm_rules`
--

CREATE TABLE IF NOT EXISTS `vm_rules` (
  `vmr_id` int(11) NOT NULL AUTO_INCREMENT COMMENT 'æ´»åŠ¨è§„åˆ™é…ç½®ID',
  `vm_id` int(11) NOT NULL COMMENT 'æ´»åŠ¨ID',
  `focus` tinyint(1) NOT NULL DEFAULT '0' COMMENT 'å…³æ³¨åæŠ•ç¥¨0:å¦1:æ˜¯',
  `vote_limit` tinyint(1) NOT NULL DEFAULT '0' COMMENT 'æŠ•ç¥¨æ¬¡æ•°é™åˆ¶0:æ— é™åˆ¶1:æœ‰é™åˆ¶',
  `select_vote_limit` varchar(255) NOT NULL DEFAULT '0' COMMENT 'å¯æŠ•ç¥¨æ¬¡æ•°0:æ— é™åˆ¶',
  `interval_time` varchar(255) NOT NULL COMMENT 'æŠ•ç¥¨é—´éš”æ—¶é—´0:ä¸é™åˆ¶',
  `online_reg` tinyint(1) NOT NULL DEFAULT '0' COMMENT 'åœ¨çº¿æŠ¥å0:æœªå¼€å¯1:å¼€å¯',
  PRIMARY KEY (`vmr_id`)
) ENGINE=MyISAM  DEFAULT CHARSET=utf8 COMMENT='æ´»åŠ¨è§„åˆ™é…ç½®è¡¨' AUTO_INCREMENT=15 ;

--
-- è½¬å­˜è¡¨ä¸­çš„æ•°æ® `vm_rules`
--

INSERT INTO `vm_rules` (`vmr_id`, `vm_id`, `focus`, `vote_limit`, `select_vote_limit`, `interval_time`, `online_reg`) VALUES
(12, 8, 1, 1, '1', '5', 1),
(11, 9, 1, 1, '2', '5', 1),
(14, 10, 1, 1, '5', '5', 1);

-- --------------------------------------------------------

--
-- è¡¨çš„ç»“æ„ `vm_traffic`
--

CREATE TABLE IF NOT EXISTS `vm_traffic` (
  `vt_id` int(11) NOT NULL AUTO_INCREMENT COMMENT 'è®¿é—®æµé‡ID',
  `vm_id` int(11) NOT NULL COMMENT 'æ´»åŠ¨ID',
  `traffic` int(11) NOT NULL DEFAULT '0' COMMENT 'æµé‡ID',
  PRIMARY KEY (`vt_id`)
) ENGINE=MyISAM  DEFAULT CHARSET=utf8 COMMENT='æŠ•ç¥¨æ´»åŠ¨è®¿é—®æ€»æµé‡' AUTO_INCREMENT=11 ;

--
-- è½¬å­˜è¡¨ä¸­çš„æ•°æ® `vm_traffic`
--

INSERT INTO `vm_traffic` (`vt_id`, `vm_id`, `traffic`) VALUES
(8, 8, 1),
(9, 9, 2),
(10, 10, 0);

-- --------------------------------------------------------

--
-- è¡¨çš„ç»“æ„ `vm_user`
--

CREATE TABLE IF NOT EXISTS `vm_user` (
  `vmu_id` int(11) NOT NULL AUTO_INCREMENT COMMENT 'æ´»åŠ¨ä¿¡æ¯-ç®¡ç†å‘˜-ID',
  `vm_id` int(11) NOT NULL COMMENT 'æ´»åŠ¨ID',
  `user_id` int(11) NOT NULL COMMENT 'ç®¡ç†å‘˜ID',
  PRIMARY KEY (`vmu_id`)
) ENGINE=MyISAM  DEFAULT CHARSET=utf8 COMMENT='æ´»åŠ¨ä¿¡æ¯ä¸ç®¡ç†å‘˜å…³è”è¡¨' AUTO_INCREMENT=4 ;

--
-- è½¬å­˜è¡¨ä¸­çš„æ•°æ® `vm_user`
--

INSERT INTO `vm_user` (`vmu_id`, `vm_id`, `user_id`) VALUES
(1, 8, 2),
(2, 9, 3),
(3, 10, 3);

-- --------------------------------------------------------

--
-- è¡¨çš„ç»“æ„ `vm_vc`
--

CREATE TABLE IF NOT EXISTS `vm_vc` (
  `vm_vc_id` int(11) NOT NULL AUTO_INCREMENT COMMENT 'æ´»åŠ¨ä¿¡æ¯ä¸æ´»åŠ¨åˆ†ç±»å…³è”ID',
  `vm_id` int(11) NOT NULL COMMENT 'æ´»åŠ¨ä¿¡æ¯ID',
  `vc_id` int(11) NOT NULL COMMENT 'æ´»åŠ¨åˆ†ç±»ID',
  PRIMARY KEY (`vm_vc_id`)
) ENGINE=MyISAM  DEFAULT CHARSET=utf8 COMMENT='æ´»åŠ¨ä¿¡æ¯ä¸æ´»åŠ¨åˆ†ç±»å…³è”è¡¨' AUTO_INCREMENT=11 ;

--
-- è½¬å­˜è¡¨ä¸­çš„æ•°æ® `vm_vc`
--

INSERT INTO `vm_vc` (`vm_vc_id`, `vm_id`, `vc_id`) VALUES
(8, 8, 2),
(9, 9, 1),
(10, 10, 3);

-- --------------------------------------------------------

--
-- è¡¨çš„ç»“æ„ `voting_classification`
--

CREATE TABLE IF NOT EXISTS `voting_classification` (
  `vc_id` int(11) NOT NULL AUTO_INCREMENT COMMENT 'æŠ•ç¥¨åˆ†ç±»ID',
  `name` varchar(255) NOT NULL COMMENT 'åˆ†ç±»åç§°',
  `code` varchar(255) NOT NULL COMMENT 'æ ‡è¯†ç ',
  `status` int(1) NOT NULL DEFAULT '0' COMMENT '1:å¯ç”¨0:æœªå¯ç”¨',
  `date_add` timestamp NOT NULL DEFAULT CURRENT_TIMESTAMP COMMENT 'åˆ›å»ºæ—¶é—´',
  PRIMARY KEY (`vc_id`)
) ENGINE=MyISAM  DEFAULT CHARSET=utf8 COMMENT='æŠ•ç¥¨æ´»åŠ¨åˆ†ç±»è¡¨' AUTO_INCREMENT=4 ;

--
-- è½¬å­˜è¡¨ä¸­çš„æ•°æ® `voting_classification`
--

INSERT INTO `voting_classification` (`vc_id`, `name`, `code`, `status`, `date_add`) VALUES
(1, '2016å¹´', 'ed735261029c3d557f1ead1815c65ef3', 1, '2016-08-10 02:51:15'),
(2, 'jiaxu chen å”¯ä¸€æ´»åŠ¨åˆ†ç±»', '813df495e67cdb1446a84caf8c2345d5', 1, '2016-08-25 03:40:15'),
(3, 'è¯¥è£…å°±_è£… å”¯ä¸€åˆ†ç±»', '2385a0c68554832cd6a4afe3a2d0bcff', 1, '2016-08-25 03:45:14');

-- --------------------------------------------------------

--
-- è¡¨çš„ç»“æ„ `voting_management`
--

CREATE TABLE IF NOT EXISTS `voting_management` (
  `vm_id` int(11) NOT NULL AUTO_INCREMENT COMMENT 'æŠ•ç¥¨æ´»åŠ¨ä¿¡æ¯ç®¡ç†ID',
  `title` varchar(255) NOT NULL COMMENT 'æ´»åŠ¨æ ‡é¢˜',
  `description` text NOT NULL COMMENT 'æ´»åŠ¨æè¿°',
  `code` varchar(255) NOT NULL COMMENT 'æ ‡è¯†ç ',
  `date_add` timestamp NOT NULL DEFAULT CURRENT_TIMESTAMP COMMENT 'åˆ›å»ºæ—¶é—´',
  `date_start` datetime NOT NULL COMMENT 'å¼€å§‹æ—¶é—´',
  `date_end` datetime NOT NULL COMMENT 'ç»“æŸæ—¶é—´',
  `status` int(1) NOT NULL DEFAULT '0' COMMENT '0:æœªå¯ç”¨1:å¯ç”¨',
  `statusing` int(1) NOT NULL DEFAULT '1' COMMENT '1:æœªè¿›è¡Œ2:è¿›è¡Œä¸­3:å·²ç»“æŸ',
  `rules_config` text COMMENT 'è§„åˆ™é…ç½®',
  PRIMARY KEY (`vm_id`)
) ENGINE=MyISAM  DEFAULT CHARSET=utf8 COMMENT='æŠ•ç¥¨æ´»åŠ¨ä¿¡æ¯ç®¡ç†' AUTO_INCREMENT=11 ;

--
-- è½¬å­˜è¡¨ä¸­çš„æ•°æ® `voting_management`
--

INSERT INTO `voting_management` (`vm_id`, `title`, `description`, `code`, `date_add`, `date_start`, `date_end`, `status`, `statusing`, `rules_config`) VALUES
(8, '1', '2', '820bbfe53b92aa3144bf1c89ee502769', '2016-08-24 07:26:53', '2016-08-24 15:25:48', '2016-08-26 15:20:41', 0, 1, '123213131313                                                  '),
(9, '1105858345', 'è¿™æ˜¯1105858345çš„æ´»åŠ¨ä¿¡æ¯', 'e64b7e88a5a69f162506e4048f693535', '2016-08-25 03:20:39', '2016-08-25 11:20:00', '2016-08-26 11:15:40', 1, 2, '12312313213123       '),
(10, '2313123213', '123213123123123', '7b0e92cbc3d7bb40cd613c2bbcee3b42', '2016-08-25 03:46:00', '2016-08-25 11:45:27', '2016-08-31 11:50:22', 1, 2, '123123133213                                                  ');

-- --------------------------------------------------------

--
-- è¡¨çš„ç»“æ„ `weixin_access_token`
--

CREATE TABLE IF NOT EXISTS `weixin_access_token` (
  `wxp_id` int(11) NOT NULL COMMENT 'å…¬ä¼—å·ID',
  `access_token` varchar(255) NOT NULL COMMENT 'ACCESS_TOKEN',
  `expires_in` varchar(255) NOT NULL COMMENT 'æœ‰æ•ˆæœŸ',
  `date_add` timestamp NOT NULL DEFAULT CURRENT_TIMESTAMP COMMENT 'åˆ›å»ºæ—¶é—´'
) ENGINE=MyISAM DEFAULT CHARSET=utf8 COMMENT='access_tokenè¡¨';

-- --------------------------------------------------------

--
-- è¡¨çš„ç»“æ„ `weixin_attention`
--

CREATE TABLE IF NOT EXISTS `weixin_attention` (
  `wxa_id` int(11) NOT NULL AUTO_INCREMENT COMMENT 'å…³æ³¨å¾®ä¿¡å…¬ä¼—å·ID',
  `wxp_id` int(11) NOT NULL COMMENT 'å¾®ä¿¡å…¬ä¼—å·ID',
  `wxf_id` int(11) NOT NULL COMMENT 'ç²‰ä¸ID',
  PRIMARY KEY (`wxa_id`)
) ENGINE=MyISAM  DEFAULT CHARSET=utf8 COMMENT='ç”¨æˆ·å…³æ³¨å…¬ä¼—å·è¡¨' AUTO_INCREMENT=5 ;

-- --------------------------------------------------------

--
-- è¡¨çš„ç»“æ„ `weixin_fans`
--

CREATE TABLE IF NOT EXISTS `weixin_fans` (
  `wxf_id` int(11) NOT NULL AUTO_INCREMENT COMMENT 'å¾®ä¿¡ç²‰ä¸ID',
  `subscribe` tinyint(1) NOT NULL DEFAULT '1' COMMENT '1ç²‰ä¸å…³æ³¨',
  `openid` varchar(255) NOT NULL COMMENT 'ç”¨æˆ·çš„æ ‡è¯†ï¼Œå¯¹å½“å‰å…¬ä¼—å·å”¯ä¸€',
  `nickname` varchar(255) NOT NULL COMMENT 'æ˜µç§°',
  `sex` tinyint(1) NOT NULL COMMENT 'æ€§åˆ«ç”·1å¥³2æœªçŸ¥0',
  `language` varchar(255) NOT NULL COMMENT 'åŸå¸‚',
  `city` varchar(255) NOT NULL COMMENT 'å›½å®¶',
  `province` varchar(255) NOT NULL COMMENT 'çœä»½',
  `country` varchar(255) NOT NULL COMMENT 'è¯­è¨€',
  `headimgurl` varchar(255) DEFAULT NULL COMMENT 'å¤´åƒ',
  `subscribe_time` varchar(255) NOT NULL COMMENT 'æœ€åå…³æ³¨æ—¶é—´æ—¶é—´æˆ³',
  `unionid` varchar(255) NOT NULL COMMENT 'ç”¨æˆ·å°†å…¬ä¼—å·ç»‘å®š',
  `remark` varchar(255) DEFAULT NULL COMMENT 'å¤‡æ³¨',
  `groupid` int(11) NOT NULL COMMENT 'ç”¨æˆ·æ‰€åœ¨çš„åˆ†ç»„ID',
  `date_add` timestamp NOT NULL DEFAULT CURRENT_TIMESTAMP COMMENT 'åˆ›å»ºæ—¶é—´',
  PRIMARY KEY (`wxf_id`)
) ENGINE=MyISAM  DEFAULT CHARSET=utf8 COMMENT='å…³æ³¨å¾®ä¿¡å…¬ä¼—å·ç²‰ä¸ä¿¡æ¯è¡¨' AUTO_INCREMENT=3 ;

--
-- è½¬å­˜è¡¨ä¸­çš„æ•°æ® `weixin_fans`
--

INSERT INTO `weixin_fans` (`wxf_id`, `subscribe`, `openid`, `nickname`, `sex`, `language`, `city`, `province`, `country`, `headimgurl`, `subscribe_time`, `unionid`, `remark`, `groupid`, `date_add`) VALUES
(1, 1, 'o6_bmjrPTlm6_2sgVt7hMZOPfL2M', 'è¯¥è£…å°±_è£…', 1, 'zh_CN', 'æ½®å·', 'å¹¿ä¸œ', 'ä¸­å›½', 'http://wx.qlogo.cn/mmopen/g3MonUZtNHkdmzicIlibx6iaFqAc56vxLSUfpb6n5WKSYVY0ChQKkiaJSgQ1dZuTOgvLLrhJbERQQ4eMsv84eavHiaiceqxibJxCfHe/0', '1382694957', 'o6_bmasdasdsad6_2sgVt7hMZOPfL', NULL, 0, '0000-00-00 00:00:00'),
(2, 1, '12321232131313131223123', '123', 2, 'zh_CN', 'æ±•å¤´', 'å¹¿ä¸œ', 'ä¸­å›½', 'http://wx.qlogo.cn/mmopen/g3MonUZtNHkdmzicIlibx6iaFqAc56vxLSUfpb6n5WKSYVY0ChQKkiaJSgQ1dZuTOgvLLrhJbERQQ4eMsv84eavHiaiceqxibJxCfHe/0', '1382694957', 'o6_bmasdasdsad6_2sgVt7hMZOPfL', NULL, 0, '2016-08-20 02:13:00');

-- --------------------------------------------------------

--
-- è¡¨çš„ç»“æ„ `weixin_public`
--

CREATE TABLE IF NOT EXISTS `weixin_public` (
  `wxp_id` int(11) NOT NULL AUTO_INCREMENT COMMENT 'å…¬ä¼—å·ID',
  `appid` varchar(255) NOT NULL COMMENT 'AppID',
  `secret` varchar(255) NOT NULL COMMENT 'AppSecret',
  `wxt_id` int(11) NOT NULL COMMENT 'å…¬ä¼—å·ç±»å‹',
  `status` tinyint(1) NOT NULL DEFAULT '0' COMMENT 'çŠ¶æ€:0æœªå¯ç”¨1å¯ç”¨',
  `sort` varchar(255) NOT NULL COMMENT 'æ’åº',
  `date_add` timestamp NOT NULL DEFAULT CURRENT_TIMESTAMP COMMENT 'åˆ›å»ºæ—¥æœŸ',
  `date_edit` datetime NOT NULL COMMENT 'ä¿®æ”¹æ—¥æœŸ',
  `name` varchar(255) NOT NULL COMMENT 'å…¬ä¼—å·åç§°',
  PRIMARY KEY (`wxp_id`)
) ENGINE=MyISAM  DEFAULT CHARSET=utf8 COMMENT='å¾®ä¿¡å…¬ä¼—å·è¡¨' AUTO_INCREMENT=13 ;

--
-- è½¬å­˜è¡¨ä¸­çš„æ•°æ® `weixin_public`
--

INSERT INTO `weixin_public` (`wxp_id`, `appid`, `secret`, `wxt_id`, `status`, `sort`, `date_add`, `date_edit`, `name`) VALUES
(11, '2', '3', 1, 1, '1', '2016-08-24 08:39:06', '2016-08-24 16:39:06', '1'),
(12, '321', '45689', 1, 1, '1', '2016-08-25 01:26:15', '2016-08-25 09:26:15', '123');

-- --------------------------------------------------------

--
-- è¡¨çš„ç»“æ„ `weixin_public_users`
--

CREATE TABLE IF NOT EXISTS `weixin_public_users` (
  `wxpu_id` int(11) NOT NULL AUTO_INCREMENT COMMENT 'å¾®ä¿¡å…¬ä¼—å·ç»‘å®šè´¦å·ID',
  `wxp_id` int(11) NOT NULL COMMENT 'å…¬ä¼—å·ID',
  `user_id` int(11) NOT NULL COMMENT 'ç®¡ç†å‘˜è´¦å·ID',
  PRIMARY KEY (`wxpu_id`)
) ENGINE=MyISAM  DEFAULT CHARSET=utf8 COMMENT='å¾®ä¿¡å…¬ä¼—å·ç»‘å®šç®¡ç†å‘˜è´¦å·å…³è”è¡¨' AUTO_INCREMENT=7 ;

--
-- è½¬å­˜è¡¨ä¸­çš„æ•°æ® `weixin_public_users`
--

INSERT INTO `weixin_public_users` (`wxpu_id`, `wxp_id`, `user_id`) VALUES
(5, 11, 2),
(6, 12, 3);

-- --------------------------------------------------------

--
-- è¡¨çš„ç»“æ„ `weixin_type`
--

CREATE TABLE IF NOT EXISTS `weixin_type` (
  `wxt_id` int(11) NOT NULL AUTO_INCREMENT COMMENT 'å…¬ä¼—å·ç±»å‹ID',
  `name` varchar(255) NOT NULL COMMENT 'åç§°',
  `sort` tinyint(2) NOT NULL COMMENT 'æ’åº',
  `status` tinyint(1) NOT NULL DEFAULT '0' COMMENT 'çŠ¶æ€0æœªå¯ç”¨1å¯ç”¨',
  `date_add` timestamp NOT NULL DEFAULT CURRENT_TIMESTAMP COMMENT 'åˆ›å»ºæ—¥æœŸ',
  PRIMARY KEY (`wxt_id`)
) ENGINE=MyISAM  DEFAULT CHARSET=utf8 COMMENT='å…¬ä¼—å·ç±»å‹' AUTO_INCREMENT=6 ;

--
-- è½¬å­˜è¡¨ä¸­çš„æ•°æ® `weixin_type`
--

INSERT INTO `weixin_type` (`wxt_id`, `name`, `sort`, `status`, `date_add`) VALUES
(1, 'è®¢é˜…å·', 1, 1, '2016-08-16 03:20:28'),
(2, 'è®¢é˜…å·--æœªè®¤è¯', 2, 1, '2016-08-16 03:24:31'),
(3, 'æœåŠ¡å·', 3, 1, '2016-08-16 03:24:42'),
(4, 'æœåŠ¡å·--æœªè®¤è¯', 4, 1, '2016-08-16 03:24:54');

--
-- é™åˆ¶å¯¼å‡ºçš„è¡¨
--

--
-- é™åˆ¶è¡¨ `users_groups`
--
ALTER TABLE `users_groups`
  ADD CONSTRAINT `fk_users_groups_groups1` FOREIGN KEY (`group_id`) REFERENCES `groups` (`id`) ON DELETE CASCADE ON UPDATE NO ACTION,
  ADD CONSTRAINT `fk_users_groups_users1` FOREIGN KEY (`user_id`) REFERENCES `users` (`id`) ON DELETE CASCADE ON UPDATE NO ACTION;

/*!40101 SET CHARACTER_SET_CLIENT=@OLD_CHARACTER_SET_CLIENT */;
/*!40101 SET CHARACTER_SET_RESULTS=@OLD_CHARACTER_SET_RESULTS */;
/*!40101 SET COLLATION_CONNECTION=@OLD_COLLATION_CONNECTION */;
