-- phpMyAdmin SQL Dump
-- version phpStudy 2014
-- http://www.phpmyadmin.net
--
-- ä¸»æœº: localhost
-- ç”Ÿæˆæ—¥æœŸ: 2016 å¹?07 æœ?28 æ—?17:30
-- æœåŠ¡å™¨ç‰ˆæœ¬: 5.5.47
-- PHP ç‰ˆæœ¬: 5.5.30

SET SQL_MODE="NO_AUTO_VALUE_ON_ZERO";
SET time_zone = "+00:00";


/*!40101 SET @OLD_CHARACTER_SET_CLIENT=@@CHARACTER_SET_CLIENT */;
/*!40101 SET @OLD_CHARACTER_SET_RESULTS=@@CHARACTER_SET_RESULTS */;
/*!40101 SET @OLD_COLLATION_CONNECTION=@@COLLATION_CONNECTION */;
/*!40101 SET NAMES utf8 */;

--
-- æ•°æ®åº“: `weixin_voting_system`
--

-- --------------------------------------------------------

--
-- è¡¨çš„ç»“æ„ `basic_personnel`
--

CREATE TABLE IF NOT EXISTS `basic_personnel` (
  `bp_id` int(11) NOT NULL AUTO_INCREMENT COMMENT 'åŸºç¡€äººå‘˜ID',
  `name` varchar(255) NOT NULL COMMENT 'å§“å',
  `description` text NOT NULL COMMENT 'è‡ªæˆ‘æè¿°',
  `date_add` timestamp NOT NULL DEFAULT CURRENT_TIMESTAMP COMMENT 'åˆ›å»ºæ—¥æœŸ',
  `date_update` datetime NOT NULL COMMENT 'æ›´æ–°æ—¥æœŸ',
  `status` int(1) NOT NULL DEFAULT '0' COMMENT '0:æœªå¯ç”¨1:å¯ç”¨',
  `image` varchar(255) NOT NULL COMMENT 'ç…§ç‰‡',
  PRIMARY KEY (`bp_id`)
) ENGINE=InnoDB  DEFAULT CHARSET=utf8 COMMENT='åŸºç¡€äººå‘˜ä¿¡æ¯ç®¡ç†è¡¨' AUTO_INCREMENT=18 ;

--
-- è½¬å­˜è¡¨ä¸­çš„æ•°æ® `basic_personnel`
--

INSERT INTO `basic_personnel` (`bp_id`, `name`, `description`, `date_add`, `date_update`, `status`, `image`) VALUES
(5, 'å¼ ä¸‰', 'è¿™æ˜¯å¼ ä¸‰çš„ä¸ªäººæè¿°ï¼', '2016-07-09 03:03:28', '2016-07-09 11:04:17', 1, 'bp/1.png'),
(6, 'æå››', 'è¿™æ˜¯æå››çš„ä¸ªäººæè¿°', '2016-07-09 03:03:40', '2016-07-09 11:04:23', 1, 'bp/2.png'),
(7, 'ç‹äº”', 'è¿™æ˜¯ç‹äº”çš„ä¸ªäººæè¿°å†…å®¹', '2016-07-09 03:03:52', '2016-07-09 11:04:27', 1, 'bp/3.png'),
(8, 'èµµå…­', 'è¿™æ˜¯èµµå…­çš„ä¸ªäººä¿¡æ¯', '2016-07-09 03:04:04', '2016-07-09 11:04:30', 1, 'bp/4.png'),
(9, 'a', 'æˆ‘æ˜¯å°a', '2016-07-11 14:28:55', '2016-07-11 22:28:55', 1, 'bp/5.png'),
(10, 'b', 'æˆ‘æ˜¯å°B', '2016-07-11 14:29:13', '2016-07-11 22:29:13', 1, 'bp/6.png'),
(11, 'c', 'æˆ‘æ˜¯å°c', '2016-07-11 14:29:28', '2016-07-11 22:29:28', 1, 'bp/7.png'),
(12, 'd', 'æˆ‘æ˜¯å°D', '2016-07-11 14:29:43', '2016-07-11 22:29:43', 1, 'bp/8.png'),
(17, '123', '123', '2016-07-28 09:09:46', '2016-07-28 17:09:46', 1, '');

-- --------------------------------------------------------

--
-- è¡¨çš„ç»“æ„ `bp_image`
--

CREATE TABLE IF NOT EXISTS `bp_image` (
  `bp_image_id` int(11) NOT NULL AUTO_INCREMENT COMMENT 'åŸºç¡€äººå‘˜-å›¾ç‰‡è¡¨',
  `bp_id` int(11) NOT NULL COMMENT 'åŸºç¡€äººå‘˜ID',
  `image` varchar(255) NOT NULL COMMENT 'å›¾ç‰‡å',
  `date_add` timestamp NOT NULL DEFAULT CURRENT_TIMESTAMP COMMENT 'æ·»åŠ æ—¶é—´',
  PRIMARY KEY (`bp_image_id`)
) ENGINE=InnoDB  DEFAULT CHARSET=utf8 COMMENT='åŸºç¡€äººå‘˜-å›¾ç‰‡å…³è”è¡¨' AUTO_INCREMENT=4 ;

--
-- è½¬å­˜è¡¨ä¸­çš„æ•°æ® `bp_image`
--

INSERT INTO `bp_image` (`bp_image_id`, `bp_id`, `image`, `date_add`) VALUES
(1, 17, '112.png', '2016-07-28 09:09:46'),
(2, 17, '35.png', '2016-07-28 09:09:46'),
(3, 17, '212.png', '2016-07-28 09:09:46');

-- --------------------------------------------------------

--
-- è¡¨çš„ç»“æ„ `groups`
--

CREATE TABLE IF NOT EXISTS `groups` (
  `id` mediumint(8) unsigned NOT NULL AUTO_INCREMENT,
  `name` varchar(20) NOT NULL,
  `description` varchar(100) NOT NULL,
  PRIMARY KEY (`id`)
) ENGINE=InnoDB  DEFAULT CHARSET=utf8 AUTO_INCREMENT=3 ;

--
-- è½¬å­˜è¡¨ä¸­çš„æ•°æ® `groups`
--

INSERT INTO `groups` (`id`, `name`, `description`) VALUES
(1, 'admin', 'Administrator'),
(2, 'members', 'General User');

-- --------------------------------------------------------

--
-- è¡¨çš„ç»“æ„ `image_space`
--

CREATE TABLE IF NOT EXISTS `image_space` (
  `is_id` int(11) NOT NULL AUTO_INCREMENT COMMENT 'å›¾ç‰‡ID',
  `name` varchar(255) NOT NULL COMMENT 'å›¾ç‰‡å',
  `real_name` text NOT NULL COMMENT 'å®é™…å',
  `image_path` text NOT NULL COMMENT 'å›¾ç‰‡å­˜æ”¾è·¯å¾„',
  `date_add` timestamp NOT NULL DEFAULT CURRENT_TIMESTAMP COMMENT 'åˆ›å»ºæ—¶é—´',
  PRIMARY KEY (`is_id`)
) ENGINE=InnoDB DEFAULT CHARSET=utf8 COMMENT='å›¾ç‰‡ç©ºé—´' AUTO_INCREMENT=1 ;

-- --------------------------------------------------------

--
-- è¡¨çš„ç»“æ„ `login_attempts`
--

CREATE TABLE IF NOT EXISTS `login_attempts` (
  `id` int(11) unsigned NOT NULL AUTO_INCREMENT,
  `ip_address` varchar(15) NOT NULL,
  `login` varchar(100) NOT NULL,
  `time` int(11) unsigned DEFAULT NULL,
  PRIMARY KEY (`id`)
) ENGINE=InnoDB DEFAULT CHARSET=utf8 AUTO_INCREMENT=1 ;

-- --------------------------------------------------------

--
-- è¡¨çš„ç»“æ„ `menu`
--

CREATE TABLE IF NOT EXISTS `menu` (
  `menu_id` int(11) NOT NULL AUTO_INCREMENT COMMENT 'èœå•ID',
  `name` varchar(255) NOT NULL COMMENT 'èœå•åç§°',
  `level` int(1) NOT NULL COMMENT 'çº§åˆ«',
  `belong_to` int(11) NOT NULL COMMENT 'æ‰€å±',
  `routing` varchar(255) NOT NULL COMMENT 'è·¯ç”±',
  `icon` varchar(255) NOT NULL DEFAULT 'fa fa-circle-o' COMMENT 'å›¾æ ‡',
  `date_add` timestamp NOT NULL DEFAULT CURRENT_TIMESTAMP COMMENT 'åˆ›å»ºæ—¶é—´',
  `date_update` datetime NOT NULL COMMENT 'æ›´æ–°æ—¶é—´',
  `status` int(1) NOT NULL DEFAULT '0' COMMENT '0:æœªå¯ç”¨ 1:å¯ç”¨',
  PRIMARY KEY (`menu_id`)
) ENGINE=MyISAM  DEFAULT CHARSET=utf8 COMMENT='èœå•é…ç½®' AUTO_INCREMENT=12 ;

--
-- è½¬å­˜è¡¨ä¸­çš„æ•°æ® `menu`
--

INSERT INTO `menu` (`menu_id`, `name`, `level`, `belong_to`, `routing`, `icon`, `date_add`, `date_update`, `status`) VALUES
(1, 'æ§åˆ¶é¢æ¿', 1, 0, 'admin/dashboard', 'fa fa-dashboard', '2016-07-23 06:08:55', '2016-07-23 14:08:55', 1),
(2, 'æŠ•ç¥¨æ´»åŠ¨', 1, 0, '#', 'fa fa-share', '2016-07-23 06:18:44', '2016-07-23 14:18:44', 1),
(3, 'åŸºç¡€äººå‘˜ä¿¡æ¯ç®¡ç†', 1, 0, '#', 'fa fa-user', '2016-07-23 06:19:21', '2016-07-23 14:19:21', 1),
(4, 'èœå•é…ç½®', 1, 0, 'admin/menu', 'fa fa-dashboard', '2016-07-23 06:20:04', '2016-07-23 14:20:04', 1),
(5, 'æŠ•ç¥¨æ´»åŠ¨åˆ†ç±»', 2, 2, 'admin/voting_classification', 'fa fa-circle-o', '2016-07-23 06:21:24', '2016-07-23 14:21:24', 1),
(6, 'æŠ•ç¥¨æ´»åŠ¨ç®¡ç†', 2, 2, 'admin/voting_management', 'fa fa-circle-o', '2016-07-23 06:24:39', '2016-07-23 14:24:39', 1),
(7, 'äººå‘˜ä¿¡æ¯', 2, 3, 'admin/basic_personnel', 'fa fa-user', '2016-07-23 06:25:34', '2016-07-23 14:25:34', 1),
(8, 'å›¾ç‰‡ç©ºé—´', 2, 3, 'admin/image_space', 'fa fa-photo', '2016-07-23 09:26:45', '2016-07-26 16:53:10', 1),
(10, 'åœ¨çº¿æ–‡ä»¶ç®¡ç†å™¨', 1, 0, 'admin/tool/file_manager', 'fa fa-folder-open-o', '2016-07-28 01:30:52', '2016-07-28 09:31:11', 1),
(11, 'å›¾ç‰‡ç®¡ç†å™¨', 1, 0, 'admin/tool/upload', 'fa fa-cloud-upload', '2016-07-28 07:01:38', '2016-07-28 15:01:38', 1);

-- --------------------------------------------------------

--
-- è¡¨çš„ç»“æ„ `users`
--

CREATE TABLE IF NOT EXISTS `users` (
  `id` int(11) unsigned NOT NULL AUTO_INCREMENT,
  `ip_address` varchar(15) NOT NULL,
  `username` varchar(100) NOT NULL,
  `password` varchar(255) NOT NULL,
  `salt` varchar(255) DEFAULT NULL,
  `email` varchar(100) NOT NULL,
  `activation_code` varchar(40) DEFAULT NULL,
  `forgotten_password_code` varchar(40) DEFAULT NULL,
  `forgotten_password_time` int(11) unsigned DEFAULT NULL,
  `remember_code` varchar(40) DEFAULT NULL,
  `created_on` int(11) unsigned NOT NULL,
  `last_login` int(11) unsigned DEFAULT NULL,
  `active` tinyint(1) unsigned DEFAULT NULL,
  `first_name` varchar(50) DEFAULT NULL,
  `last_name` varchar(50) DEFAULT NULL,
  `company` varchar(100) DEFAULT NULL,
  `phone` varchar(20) DEFAULT NULL,
  PRIMARY KEY (`id`)
) ENGINE=InnoDB  DEFAULT CHARSET=utf8 AUTO_INCREMENT=4 ;

--
-- è½¬å­˜è¡¨ä¸­çš„æ•°æ® `users`
--

INSERT INTO `users` (`id`, `ip_address`, `username`, `password`, `salt`, `email`, `activation_code`, `forgotten_password_code`, `forgotten_password_time`, `remember_code`, `created_on`, `last_login`, `active`, `first_name`, `last_name`, `company`, `phone`) VALUES
(1, '127.0.0.1', 'administrator', '$2a$07$SeBknntpZror9uyftVopmu61qg0ms8Qv1yV6FG.kQOSM.9QhmTo36', '', 'admin@admin.com', NULL, 'mr2M2btTX.Zzt5chLDF3Y.a55e9920b4ffb49fc8', 1467446402, NULL, 1268889823, 1467448103, 1, 'Admin', 'istrator', 'ADMIN', '0'),
(2, '127.0.0.1', 'jiaxu chen', '$2y$08$lJwuETjVSwdPE48imLKpDOWF.iLBLEoxbkirwtVxsJmORaVR.j9ja', NULL, '1029128229@qq.com', NULL, NULL, NULL, NULL, 1467448011, 1469684788, 1, 'jiaxu', 'chen', 'company', '12345678910'),
(3, '127.0.0.1', 'é™ˆ å®¶', '$2y$08$AjLQpNec1J77JFUptcxeZe8Phhs/.UGL.UpHZ9lH32rbvMfrdpRhG', NULL, '1105858345@qq.com', NULL, 'B.Ge.h8Iz.X2pnLmzPn1zOdbd3b9d45cf6849fc4', 1467615397, NULL, 1467605164, 1467614752, 1, 'é™ˆ', 'å®¶', 'ä¸­å›½', '12345678910');

-- --------------------------------------------------------

--
-- è¡¨çš„ç»“æ„ `users_groups`
--

CREATE TABLE IF NOT EXISTS `users_groups` (
  `id` int(11) unsigned NOT NULL AUTO_INCREMENT,
  `user_id` int(11) unsigned NOT NULL,
  `group_id` mediumint(8) unsigned NOT NULL,
  PRIMARY KEY (`id`),
  UNIQUE KEY `uc_users_groups` (`user_id`,`group_id`),
  KEY `fk_users_groups_users1_idx` (`user_id`),
  KEY `fk_users_groups_groups1_idx` (`group_id`)
) ENGINE=InnoDB  DEFAULT CHARSET=utf8 AUTO_INCREMENT=17 ;

--
-- è½¬å­˜è¡¨ä¸­çš„æ•°æ® `users_groups`
--

INSERT INTO `users_groups` (`id`, `user_id`, `group_id`) VALUES
(15, 1, 2),
(13, 2, 1),
(14, 2, 2),
(16, 3, 2);

-- --------------------------------------------------------

--
-- è¡¨çš„ç»“æ„ `vm_bp`
--

CREATE TABLE IF NOT EXISTS `vm_bp` (
  `vm_bp_id` int(11) NOT NULL AUTO_INCREMENT COMMENT 'æ´»åŠ¨ä¸åŸºç¡€äººå‘˜å…³è”ID',
  `vm_id` int(11) NOT NULL COMMENT 'æ´»åŠ¨ä¿¡æ¯ID',
  `bp_id` int(11) NOT NULL COMMENT 'åŸºç¡€äººå‘˜ID',
  `votes` int(11) NOT NULL DEFAULT '0' COMMENT 'ç¥¨æ•°',
  PRIMARY KEY (`vm_bp_id`)
) ENGINE=InnoDB  DEFAULT CHARSET=utf8 COMMENT='æ´»åŠ¨ä¿¡æ¯ä¸åŸºç¡€äººå‘˜å…³è”è¡¨' AUTO_INCREMENT=33 ;

--
-- è½¬å­˜è¡¨ä¸­çš„æ•°æ® `vm_bp`
--

INSERT INTO `vm_bp` (`vm_bp_id`, `vm_id`, `bp_id`, `votes`) VALUES
(25, 35, 5, 4),
(26, 35, 6, 2),
(27, 35, 7, 0),
(28, 35, 8, 1),
(29, 35, 9, 1),
(30, 35, 10, 0),
(31, 35, 11, 1),
(32, 35, 12, 2);

-- --------------------------------------------------------

--
-- è¡¨çš„ç»“æ„ `vm_traffic`
--

CREATE TABLE IF NOT EXISTS `vm_traffic` (
  `vt_id` int(11) NOT NULL AUTO_INCREMENT COMMENT 'è®¿é—®æµé‡ID',
  `vm_id` int(11) NOT NULL COMMENT 'æ´»åŠ¨ID',
  `traffic` int(11) NOT NULL DEFAULT '0' COMMENT 'æµé‡ID',
  PRIMARY KEY (`vt_id`)
) ENGINE=MyISAM  DEFAULT CHARSET=utf8 COMMENT='æŠ•ç¥¨æ´»åŠ¨è®¿é—®æ€»æµé‡' AUTO_INCREMENT=2 ;

--
-- è½¬å­˜è¡¨ä¸­çš„æ•°æ® `vm_traffic`
--

INSERT INTO `vm_traffic` (`vt_id`, `vm_id`, `traffic`) VALUES
(1, 35, 92);

-- --------------------------------------------------------

--
-- è¡¨çš„ç»“æ„ `vm_vc`
--

CREATE TABLE IF NOT EXISTS `vm_vc` (
  `vm_vc_id` int(11) NOT NULL AUTO_INCREMENT COMMENT 'æ´»åŠ¨ä¿¡æ¯ä¸æ´»åŠ¨åˆ†ç±»å…³è”ID',
  `vm_id` int(11) NOT NULL COMMENT 'æ´»åŠ¨ä¿¡æ¯ID',
  `vc_id` int(11) NOT NULL COMMENT 'æ´»åŠ¨åˆ†ç±»ID',
  PRIMARY KEY (`vm_vc_id`)
) ENGINE=MyISAM  DEFAULT CHARSET=utf8 COMMENT='æ´»åŠ¨ä¿¡æ¯ä¸æ´»åŠ¨åˆ†ç±»å…³è”è¡¨' AUTO_INCREMENT=27 ;

--
-- è½¬å­˜è¡¨ä¸­çš„æ•°æ® `vm_vc`
--

INSERT INTO `vm_vc` (`vm_vc_id`, `vm_id`, `vc_id`) VALUES
(26, 35, 51);

-- --------------------------------------------------------

--
-- è¡¨çš„ç»“æ„ `voting_classification`
--

CREATE TABLE IF NOT EXISTS `voting_classification` (
  `vc_id` int(11) NOT NULL AUTO_INCREMENT COMMENT 'æŠ•ç¥¨åˆ†ç±»ID',
  `name` varchar(255) CHARACTER SET utf8 NOT NULL COMMENT 'åˆ†ç±»åç§°',
  `code` varchar(255) CHARACTER SET utf8 NOT NULL COMMENT 'æ ‡è¯†ç ',
  `status` int(1) NOT NULL DEFAULT '0' COMMENT '1:å¯ç”¨0:æœªå¯ç”¨',
  `date_add` timestamp NOT NULL DEFAULT CURRENT_TIMESTAMP COMMENT 'åˆ›å»ºæ—¶é—´',
  PRIMARY KEY (`vc_id`)
) ENGINE=InnoDB  DEFAULT CHARSET=gbk COMMENT='æŠ•ç¥¨æ´»åŠ¨åˆ†ç±»è¡¨' AUTO_INCREMENT=52 ;

--
-- è½¬å­˜è¡¨ä¸­çš„æ•°æ® `voting_classification`
--

INSERT INTO `voting_classification` (`vc_id`, `name`, `code`, `status`, `date_add`) VALUES
(51, 'å¥èº«äº¤æµæ´»åŠ¨', '105f87d5d62fd654d196992ed3b545d6', 1, '2016-07-11 14:30:04');

-- --------------------------------------------------------

--
-- è¡¨çš„ç»“æ„ `voting_management`
--

CREATE TABLE IF NOT EXISTS `voting_management` (
  `vm_id` int(11) NOT NULL AUTO_INCREMENT COMMENT 'æŠ•ç¥¨æ´»åŠ¨ä¿¡æ¯ç®¡ç†ID',
  `title` varchar(255) NOT NULL COMMENT 'æ´»åŠ¨æ ‡é¢˜',
  `description` text NOT NULL COMMENT 'æ´»åŠ¨æè¿°',
  `code` varchar(255) NOT NULL COMMENT 'æ ‡è¯†ç ',
  `date_add` timestamp NOT NULL DEFAULT CURRENT_TIMESTAMP COMMENT 'åˆ›å»ºæ—¶é—´',
  `date_start` datetime NOT NULL COMMENT 'å¼€å§‹æ—¶é—´',
  `date_end` datetime NOT NULL COMMENT 'ç»“æŸæ—¶é—´',
  `status` int(1) NOT NULL DEFAULT '0' COMMENT '0:æœªå¯ç”¨1:å¯ç”¨',
  `statusing` int(1) NOT NULL DEFAULT '1' COMMENT '0:æœªè¿›è¡Œ1:è¿›è¡Œä¸­2:å·²ç»“æŸ',
  PRIMARY KEY (`vm_id`)
) ENGINE=InnoDB  DEFAULT CHARSET=utf8 COMMENT='æŠ•ç¥¨æ´»åŠ¨ä¿¡æ¯ç®¡ç†' AUTO_INCREMENT=36 ;

--
-- è½¬å­˜è¡¨ä¸­çš„æ•°æ® `voting_management`
--

INSERT INTO `voting_management` (`vm_id`, `title`, `description`, `code`, `date_add`, `date_start`, `date_end`, `status`, `statusing`) VALUES
(35, 'æµ‹è¯•æŠ•ç¥¨æ´»åŠ¨', 'è¿™åªæ˜¯ä¸€ä¸ªç®€å•çš„æµ‹è¯•æŠ•ç¥¨æ´»åŠ¨çš„ä¾‹å­', '7acd3b38a93c54afc0e3e0817c1ad26c', '2016-07-14 14:22:31', '2016-07-14 22:22:09', '2016-07-15 22:20:44', 1, 3);

--
-- é™åˆ¶å¯¼å‡ºçš„è¡¨
--

--
-- é™åˆ¶è¡¨ `users_groups`
--
ALTER TABLE `users_groups`
  ADD CONSTRAINT `fk_users_groups_groups1` FOREIGN KEY (`group_id`) REFERENCES `groups` (`id`) ON DELETE CASCADE ON UPDATE NO ACTION,
  ADD CONSTRAINT `fk_users_groups_users1` FOREIGN KEY (`user_id`) REFERENCES `users` (`id`) ON DELETE CASCADE ON UPDATE NO ACTION;

/*!40101 SET CHARACTER_SET_CLIENT=@OLD_CHARACTER_SET_CLIENT */;
/*!40101 SET CHARACTER_SET_RESULTS=@OLD_CHARACTER_SET_RESULTS */;
/*!40101 SET COLLATION_CONNECTION=@OLD_COLLATION_CONNECTION */;
