-- phpMyAdmin SQL Dump
-- version phpStudy 2014
-- http://www.phpmyadmin.net
--
-- ä¸»æœº: localhost
-- ç”Ÿæˆæ—¥æœŸ: 2016 å¹?08 æœ?11 æ—?17:19
-- æœåŠ¡å™¨ç‰ˆæœ¬: 5.5.47
-- PHP ç‰ˆæœ¬: 5.5.30

SET SQL_MODE="NO_AUTO_VALUE_ON_ZERO";
SET time_zone = "+00:00";


/*!40101 SET @OLD_CHARACTER_SET_CLIENT=@@CHARACTER_SET_CLIENT */;
/*!40101 SET @OLD_CHARACTER_SET_RESULTS=@@CHARACTER_SET_RESULTS */;
/*!40101 SET @OLD_COLLATION_CONNECTION=@@COLLATION_CONNECTION */;
/*!40101 SET NAMES utf8 */;

--
-- æ•°æ®åº“: `weixin_voting_system`
--

-- --------------------------------------------------------

--
-- è¡¨çš„ç»“æ„ `basic_personnel`
--

CREATE TABLE IF NOT EXISTS `basic_personnel` (
  `bp_id` int(11) NOT NULL AUTO_INCREMENT COMMENT 'åŸºç¡€äººå‘˜ID',
  `name` varchar(255) NOT NULL COMMENT 'å§“å',
  `description` text NOT NULL COMMENT 'è‡ªæˆ‘æè¿°',
  `date_add` timestamp NOT NULL DEFAULT CURRENT_TIMESTAMP COMMENT 'åˆ›å»ºæ—¥æœŸ',
  `date_update` datetime NOT NULL COMMENT 'æ›´æ–°æ—¥æœŸ',
  `status` int(1) NOT NULL DEFAULT '0' COMMENT '0:æœªå¯ç”¨1:å¯ç”¨',
  `image` varchar(255) NOT NULL COMMENT 'ç…§ç‰‡',
  PRIMARY KEY (`bp_id`)
) ENGINE=InnoDB  DEFAULT CHARSET=utf8 COMMENT='åŸºç¡€äººå‘˜ä¿¡æ¯ç®¡ç†è¡¨' AUTO_INCREMENT=6 ;

--
-- è½¬å­˜è¡¨ä¸­çš„æ•°æ® `basic_personnel`
--

INSERT INTO `basic_personnel` (`bp_id`, `name`, `description`, `date_add`, `date_update`, `status`, `image`) VALUES
(1, 'éŸ¦å¾·', '123', '2016-08-10 02:49:04', '2016-08-10 10:49:27', 1, ''),
(2, 'è©¹å§†æ–¯', '123', '2016-08-10 02:49:48', '2016-08-10 10:49:48', 1, ''),
(3, 'ç§‘æ¯”', '123', '2016-08-10 02:50:14', '2016-08-10 10:50:24', 1, ''),
(4, 'åº“é‡Œ', '123', '2016-08-10 02:50:39', '2016-08-10 10:50:39', 1, ''),
(5, 'éº¦è¿ª', '123', '2016-08-10 02:51:00', '2016-08-10 10:51:00', 1, '');

-- --------------------------------------------------------

--
-- è¡¨çš„ç»“æ„ `bp_image`
--

CREATE TABLE IF NOT EXISTS `bp_image` (
  `bp_image_id` int(11) NOT NULL AUTO_INCREMENT COMMENT 'åŸºç¡€äººå‘˜-å›¾ç‰‡è¡¨',
  `bp_id` int(11) NOT NULL COMMENT 'åŸºç¡€äººå‘˜ID',
  `image` varchar(255) NOT NULL COMMENT 'å›¾ç‰‡å',
  `date_add` timestamp NOT NULL DEFAULT CURRENT_TIMESTAMP COMMENT 'æ·»åŠ æ—¶é—´',
  `main_image` tinyint(1) NOT NULL DEFAULT '0' COMMENT '0:ä¸æ˜¯ 1:æ˜¯ä¸»å›¾',
  PRIMARY KEY (`bp_image_id`)
) ENGINE=InnoDB  DEFAULT CHARSET=utf8 COMMENT='åŸºç¡€äººå‘˜-å›¾ç‰‡å…³è”è¡¨' AUTO_INCREMENT=6 ;

--
-- è½¬å­˜è¡¨ä¸­çš„æ•°æ® `bp_image`
--

INSERT INTO `bp_image` (`bp_image_id`, `bp_id`, `image`, `date_add`, `main_image`) VALUES
(1, 1, '3.png', '2016-08-10 02:49:27', 1),
(2, 2, '6.png', '2016-08-10 02:49:48', 1),
(3, 3, '1.png', '2016-08-10 02:50:14', 1),
(4, 4, '7.png', '2016-08-10 02:50:39', 1),
(5, 5, '8.png', '2016-08-10 02:51:00', 1);

-- --------------------------------------------------------

--
-- è¡¨çš„ç»“æ„ `groups`
--

CREATE TABLE IF NOT EXISTS `groups` (
  `id` mediumint(8) unsigned NOT NULL AUTO_INCREMENT,
  `name` varchar(20) NOT NULL,
  `description` varchar(100) NOT NULL,
  PRIMARY KEY (`id`)
) ENGINE=InnoDB  DEFAULT CHARSET=utf8 AUTO_INCREMENT=4 ;

--
-- è½¬å­˜è¡¨ä¸­çš„æ•°æ® `groups`
--

INSERT INTO `groups` (`id`, `name`, `description`) VALUES
(1, 'admin', 'Administrator'),
(2, 'members', 'General User'),
(3, 'superroot', 'è¶…çº§ç®¡ç†å‘˜');

-- --------------------------------------------------------

--
-- è¡¨çš„ç»“æ„ `image_space`
--

CREATE TABLE IF NOT EXISTS `image_space` (
  `is_id` int(11) NOT NULL AUTO_INCREMENT COMMENT 'å›¾ç‰‡ID',
  `name` varchar(255) NOT NULL COMMENT 'å›¾ç‰‡å',
  `real_name` text NOT NULL COMMENT 'å®é™…å',
  `image_path` text NOT NULL COMMENT 'å›¾ç‰‡å­˜æ”¾è·¯å¾„',
  `date_add` timestamp NOT NULL DEFAULT CURRENT_TIMESTAMP COMMENT 'åˆ›å»ºæ—¶é—´',
  PRIMARY KEY (`is_id`)
) ENGINE=InnoDB DEFAULT CHARSET=utf8 COMMENT='å›¾ç‰‡ç©ºé—´' AUTO_INCREMENT=1 ;

-- --------------------------------------------------------

--
-- è¡¨çš„ç»“æ„ `login_attempts`
--

CREATE TABLE IF NOT EXISTS `login_attempts` (
  `id` int(11) unsigned NOT NULL AUTO_INCREMENT,
  `ip_address` varchar(15) NOT NULL,
  `login` varchar(100) NOT NULL,
  `time` int(11) unsigned DEFAULT NULL,
  PRIMARY KEY (`id`)
) ENGINE=InnoDB DEFAULT CHARSET=utf8 AUTO_INCREMENT=1 ;

-- --------------------------------------------------------

--
-- è¡¨çš„ç»“æ„ `menu`
--

CREATE TABLE IF NOT EXISTS `menu` (
  `menu_id` int(11) NOT NULL AUTO_INCREMENT COMMENT 'èœå•ID',
  `name` varchar(255) NOT NULL COMMENT 'èœå•åç§°',
  `level` int(1) NOT NULL COMMENT 'çº§åˆ«',
  `belong_to` int(11) NOT NULL COMMENT 'æ‰€å±',
  `routing` varchar(255) NOT NULL COMMENT 'è·¯ç”±',
  `icon` varchar(255) NOT NULL DEFAULT 'fa fa-circle-o' COMMENT 'å›¾æ ‡',
  `date_add` timestamp NOT NULL DEFAULT CURRENT_TIMESTAMP COMMENT 'åˆ›å»ºæ—¶é—´',
  `date_update` datetime NOT NULL COMMENT 'æ›´æ–°æ—¶é—´',
  `status` int(1) NOT NULL DEFAULT '0' COMMENT '0:æœªå¯ç”¨ 1:å¯ç”¨',
  PRIMARY KEY (`menu_id`)
) ENGINE=MyISAM  DEFAULT CHARSET=utf8 COMMENT='èœå•é…ç½®' AUTO_INCREMENT=22 ;

--
-- è½¬å­˜è¡¨ä¸­çš„æ•°æ® `menu`
--

INSERT INTO `menu` (`menu_id`, `name`, `level`, `belong_to`, `routing`, `icon`, `date_add`, `date_update`, `status`) VALUES
(1, 'æ§åˆ¶é¢æ¿', 1, 0, 'admin/dashboard', 'fa fa-home', '2016-07-23 06:08:55', '2016-08-06 11:38:34', 1),
(2, 'æŠ•ç¥¨æ´»åŠ¨', 1, 0, '#', 'fa fa-share', '2016-07-23 06:18:44', '2016-07-23 14:18:44', 1),
(3, 'åŸºç¡€äººå‘˜ä¿¡æ¯ç®¡ç†', 1, 0, '#', 'fa fa-user', '2016-07-23 06:19:21', '2016-07-23 14:19:21', 1),
(4, 'èœå•é…ç½®', 2, 13, 'admin/menu', 'fa fa-bars', '2016-07-23 06:20:04', '2016-08-06 11:44:15', 1),
(5, 'æŠ•ç¥¨æ´»åŠ¨åˆ†ç±»', 2, 2, 'admin/voting_classification', 'fa fa-circle-o', '2016-07-23 06:21:24', '2016-07-23 14:21:24', 1),
(6, 'æŠ•ç¥¨æ´»åŠ¨ç®¡ç†', 2, 2, 'admin/voting_management', 'fa fa-circle-o', '2016-07-23 06:24:39', '2016-07-23 14:24:39', 1),
(7, 'äººå‘˜ä¿¡æ¯', 2, 3, 'admin/basic_personnel', 'fa fa-user', '2016-07-23 06:25:34', '2016-07-23 14:25:34', 1),
(8, 'å›¾ç‰‡ç©ºé—´', 2, 3, 'admin/image_space', 'fa fa-photo', '2016-07-23 09:26:45', '2016-07-26 16:53:10', 1),
(10, 'åœ¨çº¿æ–‡ä»¶ç®¡ç†å™¨', 2, 12, 'admin/tool/file_manager', 'fa fa-folder-open-o', '2016-07-28 01:30:52', '2016-08-06 11:32:18', 1),
(11, 'å›¾ç‰‡ç®¡ç†å™¨', 2, 12, 'admin/tool/upload', 'fa fa-cloud-upload', '2016-07-28 07:01:38', '2016-08-06 11:32:07', 1),
(12, 'ç®¡ç†å·¥å…·', 1, 0, '#', 'fa fa-cogs', '2016-08-06 03:29:06', '2016-08-06 11:31:54', 1),
(13, 'ç³»ç»Ÿè®¾ç½®', 1, 0, '#', 'fa fa-tachometer', '2016-08-06 03:38:20', '2016-08-06 11:38:20', 1),
(14, 'åŸºç¡€è®¾ç½®', 2, 13, '#', 'fa fa-tasks', '2016-08-06 03:46:20', '2016-08-06 11:46:20', 1),
(15, 'å…¨å±€é…ç½®', 2, 13, '#', 'fa fa-th', '2016-08-06 03:48:07', '2016-08-06 11:48:07', 1),
(16, 'å¾®ä¿¡WeChat', 1, 0, '#', 'fa fa-weixin', '2016-08-06 03:56:35', '2016-08-06 11:56:35', 1),
(17, 'æ•°æ®åº“', 2, 12, '#', 'fa fa-database', '2016-08-06 03:58:32', '2016-08-06 11:58:32', 1),
(18, 'æ–‡ä»¶ç®¡ç†', 2, 12, '#', 'fa fa-folder', '2016-08-06 04:03:06', '2016-08-06 12:03:06', 1),
(19, 'ç®¡ç†å‘˜å…¥å£', 1, 0, '#', 'fa fa-sliders', '2016-08-10 03:52:13', '2016-08-10 11:52:13', 1),
(20, 'ç”¨æˆ·ç®¡ç†', 2, 19, 'admin/auth/index', 'fa fa-user', '2016-08-10 04:03:24', '2016-08-10 16:29:34', 1);

-- --------------------------------------------------------

--
-- è¡¨çš„ç»“æ„ `users`
--

CREATE TABLE IF NOT EXISTS `users` (
  `id` int(11) unsigned NOT NULL AUTO_INCREMENT,
  `ip_address` varchar(15) NOT NULL,
  `username` varchar(100) NOT NULL,
  `password` varchar(255) NOT NULL,
  `salt` varchar(255) DEFAULT NULL,
  `email` varchar(100) NOT NULL,
  `activation_code` varchar(40) DEFAULT NULL,
  `forgotten_password_code` varchar(40) DEFAULT NULL,
  `forgotten_password_time` int(11) unsigned DEFAULT NULL,
  `remember_code` varchar(40) DEFAULT NULL,
  `created_on` int(11) unsigned NOT NULL,
  `last_login` int(11) unsigned DEFAULT NULL,
  `active` tinyint(1) unsigned DEFAULT NULL,
  `company` varchar(100) DEFAULT NULL,
  `phone` varchar(20) DEFAULT NULL,
  PRIMARY KEY (`id`)
) ENGINE=InnoDB  DEFAULT CHARSET=utf8 AUTO_INCREMENT=8 ;

--
-- è½¬å­˜è¡¨ä¸­çš„æ•°æ® `users`
--

INSERT INTO `users` (`id`, `ip_address`, `username`, `password`, `salt`, `email`, `activation_code`, `forgotten_password_code`, `forgotten_password_time`, `remember_code`, `created_on`, `last_login`, `active`, `company`, `phone`) VALUES
(1, '127.0.0.1', 'administrator', '$2a$07$SeBknntpZror9uyftVopmu61qg0ms8Qv1yV6FG.kQOSM.9QhmTo36', '', 'admin@admin.com', NULL, 'mr2M2btTX.Zzt5chLDF3Y.a55e9920b4ffb49fc8', 1467446402, NULL, 1268889823, 1467448103, 1, 'ADMIN', '0'),
(2, '127.0.0.1', 'jiaxu chen', '$2y$08$lJwuETjVSwdPE48imLKpDOWF.iLBLEoxbkirwtVxsJmORaVR.j9ja', NULL, '1029128229@qq.com', NULL, NULL, NULL, 'GqbtIJrf9iPjBZBEoCAqy.', 1467448011, 1470896477, 1, 'company', '12345678910');

-- --------------------------------------------------------

--
-- è¡¨çš„ç»“æ„ `users_groups`
--

CREATE TABLE IF NOT EXISTS `users_groups` (
  `id` int(11) unsigned NOT NULL AUTO_INCREMENT,
  `user_id` int(11) unsigned NOT NULL,
  `group_id` mediumint(8) unsigned NOT NULL,
  PRIMARY KEY (`id`),
  UNIQUE KEY `uc_users_groups` (`user_id`,`group_id`),
  KEY `fk_users_groups_users1_idx` (`user_id`),
  KEY `fk_users_groups_groups1_idx` (`group_id`)
) ENGINE=InnoDB  DEFAULT CHARSET=utf8 AUTO_INCREMENT=45 ;

--
-- è½¬å­˜è¡¨ä¸­çš„æ•°æ® `users_groups`
--

INSERT INTO `users_groups` (`id`, `user_id`, `group_id`) VALUES
(15, 1, 2),
(13, 2, 1),
(14, 2, 2);

-- --------------------------------------------------------

--
-- è¡¨çš„ç»“æ„ `vm_banner`
--

CREATE TABLE IF NOT EXISTS `vm_banner` (
  `vm_banner_id` int(11) NOT NULL AUTO_INCREMENT COMMENT 'å¹¿å‘Šå›¾ID',
  `vm_id` int(11) NOT NULL COMMENT 'æ´»åŠ¨ID',
  `banner` varchar(255) NOT NULL COMMENT 'å¹¿å‘Šå›¾åç§°',
  `banner_sort` varchar(255) NOT NULL COMMENT 'æ’åº',
  `date_add` timestamp NOT NULL DEFAULT CURRENT_TIMESTAMP COMMENT 'åˆ›å»ºæ—¥æœŸ',
  `layout` tinyint(1) NOT NULL COMMENT 'å¸ƒå±€1:é¡¶éƒ¨2:ä¸­é—´3:åº•éƒ¨',
  PRIMARY KEY (`vm_banner_id`)
) ENGINE=MyISAM  DEFAULT CHARSET=utf8 COMMENT='æ´»åŠ¨-å¹¿å‘Šå›¾å…³è”è¡¨' AUTO_INCREMENT=28 ;

--
-- è½¬å­˜è¡¨ä¸­çš„æ•°æ® `vm_banner`
--

INSERT INTO `vm_banner` (`vm_banner_id`, `vm_id`, `banner`, `banner_sort`, `date_add`, `layout`) VALUES
(26, 1, 'pexels_photo_133074_large.jpg', '2', '2016-08-10 03:23:51', 2),
(25, 1, '1medium.jpg', '1', '2016-08-10 03:23:51', 1),
(24, 1, '2.jpg', '1', '2016-08-10 03:23:51', 3),
(27, 1, 'pexels_photo_medium.jpg', '2', '2016-08-10 03:23:51', 1);

-- --------------------------------------------------------

--
-- è¡¨çš„ç»“æ„ `vm_bp`
--

CREATE TABLE IF NOT EXISTS `vm_bp` (
  `vm_bp_id` int(11) NOT NULL AUTO_INCREMENT COMMENT 'æ´»åŠ¨ä¸åŸºç¡€äººå‘˜å…³è”ID',
  `vm_id` int(11) NOT NULL COMMENT 'æ´»åŠ¨ä¿¡æ¯ID',
  `bp_id` int(11) NOT NULL COMMENT 'åŸºç¡€äººå‘˜ID',
  `votes` int(11) NOT NULL DEFAULT '0' COMMENT 'ç¥¨æ•°',
  PRIMARY KEY (`vm_bp_id`)
) ENGINE=InnoDB  DEFAULT CHARSET=utf8 COMMENT='æ´»åŠ¨ä¿¡æ¯ä¸åŸºç¡€äººå‘˜å…³è”è¡¨' AUTO_INCREMENT=31 ;

--
-- è½¬å­˜è¡¨ä¸­çš„æ•°æ® `vm_bp`
--

INSERT INTO `vm_bp` (`vm_bp_id`, `vm_id`, `bp_id`, `votes`) VALUES
(26, 1, 1, 0),
(27, 1, 2, 0),
(28, 1, 3, 0),
(29, 1, 4, 0),
(30, 1, 5, 0);

-- --------------------------------------------------------

--
-- è¡¨çš„ç»“æ„ `vm_traffic`
--

CREATE TABLE IF NOT EXISTS `vm_traffic` (
  `vt_id` int(11) NOT NULL AUTO_INCREMENT COMMENT 'è®¿é—®æµé‡ID',
  `vm_id` int(11) NOT NULL COMMENT 'æ´»åŠ¨ID',
  `traffic` int(11) NOT NULL DEFAULT '0' COMMENT 'æµé‡ID',
  PRIMARY KEY (`vt_id`)
) ENGINE=MyISAM  DEFAULT CHARSET=utf8 COMMENT='æŠ•ç¥¨æ´»åŠ¨è®¿é—®æ€»æµé‡' AUTO_INCREMENT=2 ;

--
-- è½¬å­˜è¡¨ä¸­çš„æ•°æ® `vm_traffic`
--

INSERT INTO `vm_traffic` (`vt_id`, `vm_id`, `traffic`) VALUES
(1, 1, 5);

-- --------------------------------------------------------

--
-- è¡¨çš„ç»“æ„ `vm_vc`
--

CREATE TABLE IF NOT EXISTS `vm_vc` (
  `vm_vc_id` int(11) NOT NULL AUTO_INCREMENT COMMENT 'æ´»åŠ¨ä¿¡æ¯ä¸æ´»åŠ¨åˆ†ç±»å…³è”ID',
  `vm_id` int(11) NOT NULL COMMENT 'æ´»åŠ¨ä¿¡æ¯ID',
  `vc_id` int(11) NOT NULL COMMENT 'æ´»åŠ¨åˆ†ç±»ID',
  PRIMARY KEY (`vm_vc_id`)
) ENGINE=MyISAM  DEFAULT CHARSET=utf8 COMMENT='æ´»åŠ¨ä¿¡æ¯ä¸æ´»åŠ¨åˆ†ç±»å…³è”è¡¨' AUTO_INCREMENT=2 ;

--
-- è½¬å­˜è¡¨ä¸­çš„æ•°æ® `vm_vc`
--

INSERT INTO `vm_vc` (`vm_vc_id`, `vm_id`, `vc_id`) VALUES
(1, 1, 1);

-- --------------------------------------------------------

--
-- è¡¨çš„ç»“æ„ `voting_classification`
--

CREATE TABLE IF NOT EXISTS `voting_classification` (
  `vc_id` int(11) NOT NULL AUTO_INCREMENT COMMENT 'æŠ•ç¥¨åˆ†ç±»ID',
  `name` varchar(255) CHARACTER SET utf8 NOT NULL COMMENT 'åˆ†ç±»åç§°',
  `code` varchar(255) CHARACTER SET utf8 NOT NULL COMMENT 'æ ‡è¯†ç ',
  `status` int(1) NOT NULL DEFAULT '0' COMMENT '1:å¯ç”¨0:æœªå¯ç”¨',
  `date_add` timestamp NOT NULL DEFAULT CURRENT_TIMESTAMP COMMENT 'åˆ›å»ºæ—¶é—´',
  PRIMARY KEY (`vc_id`)
) ENGINE=InnoDB  DEFAULT CHARSET=gbk COMMENT='æŠ•ç¥¨æ´»åŠ¨åˆ†ç±»è¡¨' AUTO_INCREMENT=2 ;

--
-- è½¬å­˜è¡¨ä¸­çš„æ•°æ® `voting_classification`
--

INSERT INTO `voting_classification` (`vc_id`, `name`, `code`, `status`, `date_add`) VALUES
(1, '2016å¹´', 'ed735261029c3d557f1ead1815c65ef3', 1, '2016-08-10 02:51:15');

-- --------------------------------------------------------

--
-- è¡¨çš„ç»“æ„ `voting_management`
--

CREATE TABLE IF NOT EXISTS `voting_management` (
  `vm_id` int(11) NOT NULL AUTO_INCREMENT COMMENT 'æŠ•ç¥¨æ´»åŠ¨ä¿¡æ¯ç®¡ç†ID',
  `title` varchar(255) NOT NULL COMMENT 'æ´»åŠ¨æ ‡é¢˜',
  `description` text NOT NULL COMMENT 'æ´»åŠ¨æè¿°',
  `code` varchar(255) NOT NULL COMMENT 'æ ‡è¯†ç ',
  `date_add` timestamp NOT NULL DEFAULT CURRENT_TIMESTAMP COMMENT 'åˆ›å»ºæ—¶é—´',
  `date_start` datetime NOT NULL COMMENT 'å¼€å§‹æ—¶é—´',
  `date_end` datetime NOT NULL COMMENT 'ç»“æŸæ—¶é—´',
  `status` int(1) NOT NULL DEFAULT '0' COMMENT '0:æœªå¯ç”¨1:å¯ç”¨',
  `statusing` int(1) NOT NULL DEFAULT '1' COMMENT '0:æœªè¿›è¡Œ1:è¿›è¡Œä¸­2:å·²ç»“æŸ',
  `rules_config` text COMMENT 'è§„åˆ™é…ç½®',
  PRIMARY KEY (`vm_id`)
) ENGINE=InnoDB  DEFAULT CHARSET=utf8 COMMENT='æŠ•ç¥¨æ´»åŠ¨ä¿¡æ¯ç®¡ç†' AUTO_INCREMENT=2 ;

--
-- è½¬å­˜è¡¨ä¸­çš„æ•°æ® `voting_management`
--

INSERT INTO `voting_management` (`vm_id`, `title`, `description`, `code`, `date_add`, `date_start`, `date_end`, `status`, `statusing`, `rules_config`) VALUES
(1, 'NBAå…¨æ˜æ˜ŸæŠ•ç¥¨', 'NBAå…¨æ˜æ˜ŸæŠ•ç¥¨NBAå…¨æ˜æ˜ŸæŠ•ç¥¨NBAå…¨æ˜æ˜ŸæŠ•ç¥¨NBAå…¨æ˜æ˜ŸæŠ•ç¥¨NBAå…¨æ˜æ˜ŸæŠ•ç¥¨', '04bbbf28e36ddb41c8b98ee30fd98b29', '2016-08-10 02:57:32', '2016-08-11 00:00:35', '2016-08-31 00:00:19', 1, 2, '11111111111111111111111111111111111111111111111111111111111111111111111                                                                                                                                                                                                                            ');

--
-- é™åˆ¶å¯¼å‡ºçš„è¡¨
--

--
-- é™åˆ¶è¡¨ `users_groups`
--
ALTER TABLE `users_groups`
  ADD CONSTRAINT `fk_users_groups_groups1` FOREIGN KEY (`group_id`) REFERENCES `groups` (`id`) ON DELETE CASCADE ON UPDATE NO ACTION,
  ADD CONSTRAINT `fk_users_groups_users1` FOREIGN KEY (`user_id`) REFERENCES `users` (`id`) ON DELETE CASCADE ON UPDATE NO ACTION;

/*!40101 SET CHARACTER_SET_CLIENT=@OLD_CHARACTER_SET_CLIENT */;
/*!40101 SET CHARACTER_SET_RESULTS=@OLD_CHARACTER_SET_RESULTS */;
/*!40101 SET COLLATION_CONNECTION=@OLD_COLLATION_CONNECTION */;
